id,name,gender,DOB,MaritalStatus,CreditCardType
1,Damaris,Female,18/02/1973,FALSE,visa-electron
2,Barbe,Female,10/04/1969,TRUE,americanexpress
3,Belia,Female,16/04/1960,FALSE,maestro
4,Leoline,Female,19/01/1995,TRUE,bankcard
5,Valentine,Female,16/04/1992,FALSE,kiwibank-card
6,Rosanne,Female,5/01/1985,TRUE,bankcard
7,Shalna,Female,1/11/1956,FALSE,jcb
8,Mordy,Male,27/03/1990,TRUE,china-unionpay
9,Tristan,Male,5/10/1998,TRUE,kiwibank-card
10,Alphonso,Male,10/08/1992,FALSE,mastercard
11,Hirsch,Male,13/02/1973,FALSE,kiwibank-card
12,Kirstyn,Female,28/06/1989,FALSE,bankcard
13,Benson,Male,19/10/1959,TRUE,switch
14,Florry,Female,11/11/1993,TRUE,diners-club-international
15,Jenine,Female,16/02/1957,FALSE,diners-club-enroute
16,Hortense,Female,17/12/1993,FALSE,jcb
17,Zulema,Female,27/09/1990,FALSE,jcb
18,Leoline,Female,2/02/1990,FALSE,visa-electron
19,Bayard,Male,11/01/1997,FALSE,jcb
20,Joanne,Female,1/02/1996,FALSE,maestro
21,Marlee,Female,28/11/1994,FALSE,kiwibank-card
22,Mitchell,Male,9/03/1993,FALSE,maestro
23,Jefferey,Male,19/09/1999,FALSE,jcb
24,Jolee,Female,14/04/1951,FALSE,jcb
25,Selma,Female,14/08/1958,FALSE,mastercard
26,Pavlov,Male,24/12/1971,TRUE,jcb
27,Willi,Male,29/09/1999,FALSE,diners-club-enroute
28,Vi,Female,25/09/1988,FALSE,laser
29,Teodoro,Male,2/03/1969,FALSE,jcb
30,Loralyn,Female,27/11/1953,FALSE,kiwibank-card
31,Carlen,Female,1/08/1964,TRUE,jcb
32,Walden,Male,27/10/1968,FALSE,jcb
33,Phillie,Female,7/09/1976,FALSE,diners-club-enroute
34,Dicky,Male,15/06/1956,TRUE,kiwibank-card
35,Antonietta,Female,1/05/1986,FALSE,americanexpress
36,Natasha,Female,15/01/1952,TRUE,diners-club-enroute
37,Tadeas,Male,12/10/1973,FALSE,jcb
38,Vyky,Female,3/08/1986,FALSE,maestro
39,Estevan,Male,22/08/1966,FALSE,jcb
40,Andrey,Male,18/11/1952,FALSE,diners-club-enroute
41,Leonidas,Male,28/01/1972,TRUE,maestro
42,Blinnie,Female,22/08/1957,FALSE,kiwibank-card
43,Randolf,Male,23/04/1951,FALSE,bankcard
44,Maurene,Female,4/08/1975,TRUE,jcb
45,Sky,Male,8/06/1991,TRUE,laser
46,Kaspar,Male,6/12/1981,FALSE,kiwibank-card
47,Noll,Male,26/01/1957,TRUE,mastercard
48,Haley,Male,10/11/1980,TRUE,diners-club-carte-blanche
49,Orran,Male,15/07/1977,TRUE,jcb
50,Jonas,Male,7/01/1976,TRUE,diners-club-carte-blanche
51,Flori,Female,12/01/1978,FALSE,china-unionpay
52,Casey,Male,21/03/1988,FALSE,jcb
53,Candie,Female,12/06/1963,FALSE,maestro
54,Marve,Male,26/07/1998,FALSE,kiwibank-card
55,Corette,Female,27/08/1972,TRUE,jcb
56,Christy,Female,14/07/1995,TRUE,china-unionpay
57,Ronnica,Female,31/05/1986,FALSE,diners-club-enroute
58,Augy,Male,25/11/1966,TRUE,jcb
59,Cori,Male,27/03/1969,TRUE,mastercard
60,Boigie,Male,30/06/1989,TRUE,jcb
61,Isac,Male,23/06/1957,TRUE,bankcard
62,Sigismond,Male,17/06/1951,TRUE,kiwibank-card
63,Steffie,Female,28/10/1998,FALSE,jcb
64,Mario,Male,22/06/1989,FALSE,jcb
65,Halli,Female,16/06/1959,TRUE,diners-club-enroute
66,Nada,Female,23/08/2000,TRUE,jcb
67,Jeanne,Female,16/11/1987,TRUE,laser
68,Jess,Female,26/07/1962,TRUE,mastercard
69,Lyda,Female,17/03/1970,FALSE,kiwibank-card
70,Jobyna,Female,15/09/1967,TRUE,diners-club-enroute
71,Jaclyn,Female,29/04/1999,TRUE,switch
72,Sibel,Female,16/08/1981,FALSE,jcb
73,Dodi,Female,2/10/1995,TRUE,americanexpress
74,Eydie,Female,23/06/1979,FALSE,jcb
75,Gauthier,Male,11/02/1967,TRUE,kiwibank-card
76,Mala,Female,21/11/1995,TRUE,visa-electron
77,Lorelei,Female,18/12/2000,FALSE,americanexpress
78,Marillin,Female,18/12/1973,TRUE,kiwibank-card
79,Christabella,Female,22/04/1998,TRUE,mastercard
80,Julietta,Female,15/11/1984,FALSE,switch
81,Hieronymus,Male,11/09/1961,TRUE,jcb
82,Brandea,Female,2/06/1967,TRUE,americanexpress
83,Norma,Female,20/01/1984,TRUE,switch
84,Jarred,Male,10/03/1952,FALSE,americanexpress
85,Rustin,Male,2/07/1959,TRUE,jcb
86,Kris,Male,17/08/1974,TRUE,jcb
87,Cristie,Female,19/04/1953,TRUE,diners-club-carte-blanche
88,Maxine,Female,17/03/1979,TRUE,mastercard
89,Karlis,Male,8/04/1975,FALSE,jcb
90,Othella,Female,26/03/1993,FALSE,mastercard
91,Orsola,Female,11/10/1991,TRUE,diners-club-enroute
92,Maximilianus,Male,1/05/1992,FALSE,jcb
93,Denny,Male,15/01/1991,FALSE,jcb
94,Judas,Male,28/06/2000,FALSE,americanexpress
95,Nicholle,Female,4/07/1970,TRUE,china-unionpay
96,Jewelle,Female,5/03/1982,FALSE,jcb
97,Sanford,Male,25/01/1987,FALSE,diners-club-us-ca
98,Ailey,Female,20/12/1977,TRUE,visa-electron
99,Margy,Female,9/09/1951,FALSE,jcb
100,Nero,Male,11/07/1984,TRUE,bankcard
101,Finlay,Male,1/04/1983,FALSE,mastercard
102,Esme,Female,9/05/1953,TRUE,bankcard
103,Ber,Male,1/04/1997,TRUE,china-unionpay
104,Merill,Male,20/10/1994,FALSE,china-unionpay
105,Darell,Female,14/06/1986,FALSE,mastercard
106,Lela,Female,24/12/1959,TRUE,mastercard
107,Felicle,Female,17/11/1956,FALSE,mastercard
108,Kattie,Female,25/10/1964,FALSE,jcb
109,Mayer,Male,9/09/1990,FALSE,jcb
110,Hamlen,Male,13/12/1992,FALSE,visa-electron
111,Erasmus,Male,26/12/1964,FALSE,jcb
112,Wadsworth,Male,26/09/1996,FALSE,visa-electron
113,Aleece,Female,1/05/1961,TRUE,americanexpress
114,Velma,Female,8/03/1990,FALSE,jcb
115,Elmira,Female,1/06/1952,TRUE,bankcard
116,Bernardo,Male,9/06/1958,TRUE,visa
117,Nevins,Male,21/05/1969,FALSE,kiwibank-card
118,Brose,Male,5/09/1987,FALSE,diners-club-enroute
119,Rozalie,Female,24/12/1990,FALSE,mastercard
120,Opalina,Female,27/03/1954,TRUE,jcb
121,Ange,Female,28/10/1980,TRUE,jcb
122,Glyn,Male,26/02/1970,TRUE,americanexpress
123,Farrel,Male,22/06/1978,TRUE,kiwibank-card
124,Berkeley,Male,11/12/1964,FALSE,maestro
125,Stanleigh,Male,2/02/1958,FALSE,maestro
126,Verge,Male,6/07/1958,FALSE,americanexpress
127,Claudine,Female,24/04/1987,TRUE,jcb
128,Hendrik,Male,16/09/1990,FALSE,mastercard
129,Salomi,Female,23/08/1951,TRUE,laser
130,Tucky,Male,27/08/1969,TRUE,mastercard
131,Janka,Female,2/02/1991,FALSE,maestro
132,Toni,Female,12/12/1969,TRUE,jcb
133,Pepito,Male,9/11/1961,TRUE,jcb
134,Faythe,Female,27/04/1992,TRUE,maestro
135,Kevyn,Female,21/05/1969,TRUE,americanexpress
136,Harald,Male,26/09/1952,FALSE,maestro
137,Cacilie,Female,25/12/1973,TRUE,jcb
138,Woodman,Male,11/10/1977,FALSE,americanexpress
139,Devina,Female,24/07/1966,TRUE,jcb
140,Culley,Male,10/12/1965,FALSE,diners-club-enroute
141,Marena,Female,2/07/1950,TRUE,mastercard
142,Ingeborg,Female,14/12/1954,FALSE,maestro
143,Cori,Male,6/05/1956,TRUE,solo
144,Vanya,Male,22/02/1984,TRUE,jcb
145,Oliver,Male,25/10/1956,FALSE,diners-club-enroute
146,Cal,Female,14/05/1999,TRUE,diners-club-enroute
147,Carter,Male,22/09/1965,FALSE,americanexpress
148,Fraze,Male,5/05/1986,TRUE,mastercard
149,Simon,Male,19/02/1980,TRUE,mastercard
150,Glenn,Female,31/12/1995,TRUE,china-unionpay
151,Felizio,Male,7/04/1952,TRUE,jcb
152,Gery,Male,30/10/1955,TRUE,mastercard
153,Mercie,Female,11/05/1964,FALSE,kiwibank-card
154,Ferdie,Male,12/06/2000,TRUE,diners-club-enroute
155,Joannes,Female,10/06/1990,TRUE,china-unionpay
156,Hanni,Female,1/01/1953,FALSE,jcb
157,Eddie,Male,28/05/1966,FALSE,bankcard
158,Enriqueta,Female,11/03/1951,FALSE,china-unionpay
159,Rodge,Male,6/03/1955,TRUE,jcb
160,Sutton,Male,13/02/1968,FALSE,mastercard
161,Leta,Female,26/05/1981,TRUE,jcb
162,Laney,Female,26/06/1969,TRUE,diners-club-carte-blanche
163,Forester,Male,3/02/1997,TRUE,switch
164,Lane,Male,11/05/1969,TRUE,jcb
165,Eddi,Female,19/12/1990,TRUE,visa
166,Gus,Female,10/10/1971,FALSE,jcb
167,Jemmie,Female,27/04/1961,FALSE,kiwibank-card
168,Kimbell,Male,21/05/1988,FALSE,kiwibank-card
169,Rosene,Female,13/12/1977,TRUE,jcb
170,Dolorita,Female,27/04/1971,FALSE,mastercard
171,Gwenneth,Female,27/03/1994,FALSE,diners-club-carte-blanche
172,Nolan,Male,29/03/1973,FALSE,visa-electron
173,Nevin,Male,26/05/1982,TRUE,jcb
174,Terencio,Male,13/04/1987,TRUE,jcb
175,Glad,Female,13/04/1975,TRUE,diners-club-carte-blanche
176,Stacee,Male,1/01/1980,FALSE,china-unionpay
177,Virgilio,Male,26/05/1960,TRUE,diners-club-carte-blanche
178,Antonio,Male,12/02/1984,TRUE,mastercard
179,Othella,Female,19/10/1956,FALSE,jcb
180,Cristionna,Female,23/05/1982,TRUE,switch
181,Jaye,Male,31/03/1958,FALSE,jcb
182,Rea,Female,22/03/1975,FALSE,jcb
183,Daveta,Female,22/12/1981,TRUE,mastercard
184,Pavla,Female,19/02/1969,FALSE,maestro
185,Benjie,Male,6/04/1970,TRUE,jcb
186,Chic,Male,14/12/1983,FALSE,americanexpress
187,Iver,Male,25/07/1985,TRUE,jcb
188,Jackson,Male,27/03/1972,TRUE,jcb
189,Ealasaid,Female,17/05/1966,FALSE,jcb
190,Annmaria,Female,20/12/1982,TRUE,kiwibank-card
191,Gunar,Male,4/03/1976,TRUE,bankcard
192,Iormina,Female,22/03/1975,TRUE,maestro
193,Jessee,Male,17/08/1970,FALSE,diners-club-us-ca
194,Elmore,Male,16/06/1989,FALSE,jcb
195,Cissy,Female,19/09/1998,FALSE,americanexpress
196,Dannie,Male,2/08/2000,FALSE,jcb
197,Rinaldo,Male,30/06/1988,FALSE,jcb
198,Byrann,Male,11/12/1995,FALSE,china-unionpay
199,Rayner,Male,21/02/1953,TRUE,visa-electron
200,Ashlin,Male,26/08/1983,FALSE,jcb
201,Michail,Male,13/05/1980,TRUE,solo
202,Indira,Female,22/09/1962,TRUE,americanexpress
203,Maxwell,Male,3/06/1962,TRUE,visa-electron
204,Dulcy,Female,16/01/1974,FALSE,kiwibank-card
205,Rubi,Female,29/06/1983,FALSE,jcb
206,Ximenes,Male,7/07/1962,TRUE,jcb
207,Nance,Female,8/01/1967,TRUE,jcb
208,Tabbie,Female,5/04/1983,TRUE,jcb
209,Yankee,Male,17/01/1993,FALSE,mastercard
210,Fredericka,Female,17/03/1953,FALSE,jcb
211,Noella,Female,5/04/1982,FALSE,jcb
212,Findlay,Male,4/02/1982,TRUE,diners-club-us-ca
213,Lisette,Female,21/03/1995,TRUE,visa
214,Armand,Male,1/05/1954,TRUE,maestro
215,Kare,Female,26/02/1990,FALSE,mastercard
216,Elsbeth,Female,21/04/1980,TRUE,kiwibank-card
217,Gianina,Female,2/09/1961,TRUE,jcb
218,Constantin,Male,9/04/1983,TRUE,maestro
219,Keir,Male,31/10/1991,TRUE,mastercard
220,Bettye,Female,20/01/1995,FALSE,switch
221,Harold,Male,27/08/1990,FALSE,diners-club-carte-blanche
222,Geraldine,Female,26/04/1978,FALSE,instapayment
223,Kala,Female,28/07/1971,FALSE,bankcard
224,Lock,Male,9/03/1992,FALSE,jcb
225,Sibelle,Female,2/08/1950,TRUE,kiwibank-card
226,Morley,Male,22/11/1971,TRUE,kiwibank-card
227,Jimmy,Male,12/04/1977,FALSE,jcb
228,Perkin,Male,21/01/1968,TRUE,maestro
229,Corabel,Female,21/01/1980,TRUE,maestro
230,Heriberto,Male,9/12/1957,TRUE,kiwibank-card
231,Maje,Male,16/09/1977,TRUE,jcb
232,Gherardo,Male,23/01/1990,TRUE,jcb
233,Clive,Male,8/11/1979,FALSE,kiwibank-card
234,Linet,Female,20/09/1990,TRUE,china-unionpay
235,Alair,Male,29/06/1958,TRUE,jcb
236,Ced,Male,4/11/1953,FALSE,jcb
237,Mindy,Female,9/09/1963,TRUE,jcb
238,Obie,Male,4/02/1982,TRUE,switch
239,Tommie,Female,30/06/1969,TRUE,jcb
240,Maybelle,Female,13/01/1975,FALSE,kiwibank-card
241,Maxine,Female,1/08/1995,FALSE,diners-club-carte-blanche
242,Glori,Female,15/03/1963,FALSE,maestro
243,Amerigo,Male,15/02/1984,FALSE,jcb
244,Timmy,Male,1/12/1984,FALSE,jcb
245,Anya,Female,28/10/1972,FALSE,jcb
246,Amandie,Female,11/12/1953,FALSE,jcb
247,Jan,Female,27/05/1959,FALSE,diners-club-us-ca
248,Debby,Female,11/07/1966,FALSE,instapayment
249,Roanne,Female,29/05/1989,TRUE,jcb
250,Daveen,Female,7/06/1959,FALSE,americanexpress
251,Baudoin,Male,21/02/1962,FALSE,maestro
252,Irena,Female,5/01/1966,TRUE,jcb
253,Kimberlyn,Female,26/09/1998,FALSE,kiwibank-card
254,Milka,Female,8/10/1963,FALSE,jcb
255,Leonhard,Male,27/08/1958,FALSE,switch
256,Merla,Female,19/09/1991,FALSE,jcb
257,Cornall,Male,1/03/1983,FALSE,mastercard
258,Jackie,Female,3/12/1954,TRUE,americanexpress
259,Trisha,Female,21/08/1991,TRUE,china-unionpay
260,Myra,Female,25/04/1988,FALSE,mastercard
261,Milka,Female,28/01/1958,TRUE,visa
262,Mariann,Female,8/10/1953,FALSE,americanexpress
263,Petronia,Female,30/09/1989,TRUE,jcb
264,Carlee,Female,20/04/1963,FALSE,jcb
265,Domingo,Male,6/07/1983,FALSE,americanexpress
266,Leonelle,Female,25/06/1989,FALSE,maestro
267,Rock,Male,19/08/1970,FALSE,maestro
268,Aili,Female,28/09/1959,FALSE,switch
269,Hodge,Male,31/12/1960,TRUE,jcb
270,Adoree,Female,6/11/1960,FALSE,jcb
271,Karlotte,Female,19/02/1997,TRUE,jcb
272,Celie,Female,23/10/1950,TRUE,jcb
273,Walliw,Female,21/07/1996,TRUE,jcb
274,Tucky,Male,14/02/1966,TRUE,jcb
275,Erroll,Male,9/11/1951,FALSE,jcb
276,Sabra,Female,29/01/1974,FALSE,jcb
277,Vinnie,Male,6/08/1978,FALSE,switch
278,Janaya,Female,7/03/1968,FALSE,diners-club-enroute
279,Avie,Female,12/06/1992,TRUE,switch
280,Brigida,Female,23/12/1976,TRUE,jcb
281,Coraline,Female,17/05/1959,FALSE,kiwibank-card
282,Mahala,Female,21/05/1965,FALSE,mastercard
283,Layton,Male,3/12/1995,TRUE,visa-electron
284,Ruperta,Female,22/02/1985,FALSE,jcb
285,Tobit,Male,20/08/1974,FALSE,jcb
286,Dallas,Female,2/10/1985,TRUE,maestro
287,Tasia,Female,8/04/1976,FALSE,jcb
288,Quint,Male,6/07/1981,FALSE,solo
289,Nadiya,Female,23/12/1954,FALSE,jcb
290,Brocky,Male,13/12/1997,FALSE,jcb
291,Cyrillus,Male,13/09/1996,TRUE,kiwibank-card
292,Clywd,Male,9/08/1961,TRUE,china-unionpay
293,Mel,Female,3/02/1987,FALSE,jcb
294,Vincents,Male,16/12/1982,FALSE,kiwibank-card
295,Conway,Male,17/06/1954,FALSE,jcb
296,Mureil,Female,4/09/1996,FALSE,kiwibank-card
297,Imogene,Female,26/05/1970,FALSE,switch
298,Baird,Male,16/09/1960,FALSE,mastercard
299,Kort,Male,25/12/1972,TRUE,jcb
300,Wilow,Female,16/12/1985,FALSE,jcb
301,Randy,Female,6/07/1993,FALSE,jcb
302,Laurent,Male,23/12/1967,TRUE,mastercard
303,Cathlene,Female,31/08/1988,TRUE,mastercard
304,Lilia,Female,1/12/1995,TRUE,visa-electron
305,Beau,Male,17/06/1966,TRUE,jcb
306,Wheeler,Male,8/05/1960,TRUE,diners-club-enroute
307,Claresta,Female,2/07/1989,TRUE,china-unionpay
308,Gonzales,Male,7/11/1981,TRUE,jcb
309,Tobi,Female,8/05/1988,TRUE,jcb
310,Billi,Female,14/12/1955,FALSE,diners-club-carte-blanche
311,Normy,Male,12/08/2000,FALSE,visa-electron
312,Dolores,Female,22/10/1986,TRUE,americanexpress
313,Malachi,Male,10/02/1967,FALSE,mastercard
314,Giraud,Male,8/07/1994,FALSE,kiwibank-card
315,Cyrille,Male,30/08/1993,FALSE,maestro
316,Sissie,Female,8/10/1950,TRUE,jcb
317,Shaylynn,Female,4/12/1986,TRUE,jcb
318,Jobey,Female,6/12/1980,TRUE,instapayment
319,Guillemette,Female,7/10/1994,TRUE,kiwibank-card
320,Benedick,Male,7/11/1987,TRUE,switch
321,Eugenie,Female,23/08/1977,FALSE,jcb
322,Kimberli,Female,22/10/1994,TRUE,kiwibank-card
323,Elisha,Female,12/11/1974,TRUE,maestro
324,Blinny,Female,27/09/1966,TRUE,maestro
325,Mickey,Male,15/01/1993,FALSE,mastercard
326,Tish,Female,28/05/1980,TRUE,jcb
327,Ryley,Male,9/01/1997,TRUE,jcb
328,Faber,Male,21/08/1966,FALSE,jcb
329,Nalani,Female,31/05/1976,TRUE,maestro
330,Maitilde,Female,1/02/1965,TRUE,visa
331,Jessi,Female,1/11/1981,TRUE,jcb
332,Leelah,Female,7/01/1970,FALSE,switch
333,Lona,Female,12/11/1966,TRUE,jcb
334,Ban,Male,3/07/1972,TRUE,visa-electron
335,Jerad,Male,13/06/1981,FALSE,jcb
336,Rolph,Male,15/11/1972,FALSE,jcb
337,Any,Male,16/02/1981,TRUE,americanexpress
338,Herminia,Female,23/04/1954,TRUE,jcb
339,Doralynn,Female,25/10/1963,TRUE,jcb
340,Kirstyn,Female,14/05/1998,FALSE,kiwibank-card
341,Ernestine,Female,15/08/1967,TRUE,jcb
342,Hermie,Male,2/09/1961,TRUE,laser
343,Marci,Female,15/11/1961,TRUE,americanexpress
344,Andrey,Male,26/07/1967,TRUE,jcb
345,Felecia,Female,15/11/1973,TRUE,china-unionpay
346,Henri,Male,4/03/1988,FALSE,jcb
347,Mart,Male,17/04/1951,TRUE,mastercard
348,Jacklyn,Female,5/12/1984,TRUE,jcb
349,Job,Male,17/09/1982,TRUE,jcb
350,Kendricks,Male,4/08/1982,FALSE,visa-electron
351,Kean,Male,8/11/1963,TRUE,jcb
352,Caralie,Female,29/06/1961,FALSE,bankcard
353,Allyn,Male,21/08/1966,FALSE,laser
354,Ban,Male,17/10/1979,FALSE,diners-club-carte-blanche
355,Booth,Male,2/03/1983,TRUE,kiwibank-card
356,Oona,Female,25/06/1992,FALSE,kiwibank-card
357,Orion,Male,6/03/1961,TRUE,china-unionpay
358,Maureene,Female,12/10/1999,FALSE,jcb
359,Shandie,Female,12/08/1961,TRUE,americanexpress
360,Enrico,Male,12/09/1961,TRUE,jcb
361,Janet,Female,18/08/1972,FALSE,jcb
362,Casie,Female,22/05/1967,FALSE,kiwibank-card
363,Herschel,Male,25/08/1980,FALSE,bankcard
364,Vivi,Female,12/08/1992,TRUE,diners-club-carte-blanche
365,Tanney,Male,7/11/1989,TRUE,kiwibank-card
366,Magda,Female,31/07/1970,FALSE,diners-club-enroute
367,Thorin,Male,19/02/1959,TRUE,visa-electron
368,Neill,Male,4/04/1959,FALSE,jcb
369,Carola,Female,31/05/1954,FALSE,mastercard
370,Gage,Male,21/08/1980,FALSE,maestro
371,Pearce,Male,12/04/1991,TRUE,bankcard
372,Paxon,Male,18/02/1986,TRUE,laser
373,Erin,Female,11/01/1980,TRUE,jcb
374,Julienne,Female,13/04/1961,FALSE,kiwibank-card
375,Kesley,Female,2/11/1985,FALSE,mastercard
376,Emile,Male,11/03/1972,FALSE,jcb
377,Tommi,Female,31/05/1988,FALSE,diners-club-enroute
378,Christophe,Male,21/11/2000,TRUE,jcb
379,Cordi,Female,20/04/1964,FALSE,laser
380,Cleavland,Male,12/10/1975,TRUE,jcb
381,Basilio,Male,21/06/1960,TRUE,laser
382,Bert,Male,2/02/1979,FALSE,instapayment
383,Elroy,Male,21/03/1965,FALSE,jcb
384,Guido,Male,30/03/1978,FALSE,jcb
385,Bjorn,Male,20/09/1965,FALSE,kiwibank-card
386,Bennett,Male,10/08/1986,FALSE,diners-club-carte-blanche
387,Willem,Male,26/02/1988,TRUE,jcb
388,Elwin,Male,16/09/1991,TRUE,jcb
389,Leena,Female,4/11/1991,TRUE,mastercard
390,Harlen,Male,5/09/1955,TRUE,americanexpress
391,Dora,Female,8/04/1977,TRUE,diners-club-enroute
392,Lek,Male,29/05/1992,FALSE,jcb
393,Prisca,Female,12/03/1969,TRUE,jcb
394,Burk,Male,19/08/1954,FALSE,visa-electron
395,Del,Male,8/04/1998,TRUE,jcb
396,Early,Male,18/02/1996,FALSE,jcb
397,Wat,Male,21/08/1987,FALSE,laser
398,Danica,Female,14/12/1984,FALSE,maestro
399,Maryl,Female,30/03/1987,FALSE,diners-club-carte-blanche
400,Riccardo,Male,20/12/1963,TRUE,bankcard
401,Joe,Male,11/01/1983,FALSE,jcb
402,Arline,Female,20/02/1959,FALSE,diners-club-international
403,Franciska,Female,1/12/1977,TRUE,americanexpress
404,Fergus,Male,23/02/1999,FALSE,china-unionpay
405,Durand,Male,3/10/1976,TRUE,jcb
406,Anthe,Female,4/07/1991,TRUE,jcb
407,Logan,Male,20/01/1997,TRUE,laser
408,Sholom,Male,2/05/1971,TRUE,kiwibank-card
409,Craig,Male,16/10/1993,FALSE,maestro
410,Guntar,Male,11/05/1999,FALSE,maestro
411,Ellette,Female,19/01/1950,TRUE,jcb
412,Teirtza,Female,26/03/1959,FALSE,jcb
413,Urbano,Male,4/10/1983,TRUE,jcb
414,Christopher,Male,20/03/1956,FALSE,americanexpress
415,Mirilla,Female,12/12/1967,TRUE,mastercard
416,Jodie,Female,4/06/1990,TRUE,bankcard
417,Inglebert,Male,17/04/1959,FALSE,kiwibank-card
418,Elly,Female,9/01/1999,TRUE,bankcard
419,Nerta,Female,2/02/1956,FALSE,mastercard
420,Sherye,Female,29/05/1964,TRUE,kiwibank-card
421,Janeta,Female,15/11/1983,FALSE,bankcard
422,Letta,Female,3/01/1950,TRUE,jcb
423,Nikki,Male,8/10/1958,FALSE,jcb
424,Melloney,Female,12/08/1991,TRUE,jcb
425,Nikki,Female,25/12/1988,FALSE,jcb
426,Clayborne,Male,16/11/1987,TRUE,jcb
427,Geraldine,Female,4/11/1966,TRUE,solo
428,Bobbe,Female,14/05/1987,TRUE,jcb
429,Moyra,Female,11/03/1973,FALSE,diners-club-us-ca
430,Dorette,Female,2/11/1968,TRUE,kiwibank-card
431,Whitby,Male,1/06/1963,FALSE,jcb
432,Johnathon,Male,6/02/1982,TRUE,kiwibank-card
433,Niel,Male,1/03/1978,TRUE,visa
434,Saul,Male,24/05/1981,TRUE,maestro
435,Sylvia,Female,14/04/1970,FALSE,jcb
436,Cris,Female,6/01/1952,TRUE,americanexpress
437,Sibilla,Female,10/07/2000,TRUE,mastercard
438,Gretta,Female,18/08/1978,FALSE,diners-club-enroute
439,Sky,Male,9/11/1953,FALSE,jcb
440,Darlleen,Female,5/11/1958,TRUE,kiwibank-card
441,Bald,Male,21/05/1952,FALSE,maestro
442,Hartley,Male,13/02/1995,TRUE,jcb
443,Steward,Male,25/10/1988,TRUE,jcb
444,Stephannie,Female,11/09/1997,TRUE,switch
445,Radcliffe,Male,8/04/1973,TRUE,jcb
446,Garald,Male,24/11/1961,TRUE,jcb
447,Lucky,Female,1/06/1963,TRUE,jcb
448,Nana,Female,12/06/1996,TRUE,jcb
449,Thedrick,Male,19/11/1960,TRUE,jcb
450,Lizzy,Female,4/08/1971,TRUE,jcb
451,Keir,Male,4/06/1992,TRUE,jcb
452,Rafa,Female,2/01/1969,FALSE,jcb
453,Ronnica,Female,21/05/1957,FALSE,kiwibank-card
454,Alastair,Male,27/04/1988,TRUE,switch
455,Guthrey,Male,22/09/1963,FALSE,diners-club-carte-blanche
456,Ermentrude,Female,16/12/1986,FALSE,bankcard
457,Gwyn,Female,19/12/1950,TRUE,china-unionpay
458,Broddie,Male,3/08/1962,FALSE,mastercard
459,Giulietta,Female,7/09/1991,TRUE,china-unionpay
460,Luciano,Male,8/05/1966,FALSE,switch
461,Olly,Female,26/12/1987,TRUE,solo
462,Erin,Female,2/06/1994,FALSE,visa-electron
463,Clair,Female,24/11/1973,TRUE,switch
464,Hube,Male,12/09/1983,FALSE,mastercard
465,Cart,Male,21/05/1964,FALSE,jcb
466,Isiahi,Male,6/01/1958,TRUE,visa-electron
467,Bearnard,Male,30/03/1987,TRUE,kiwibank-card
468,Samuel,Male,11/03/1956,TRUE,mastercard
469,Maynard,Male,12/08/1957,TRUE,bankcard
470,Ashlen,Female,26/02/1994,TRUE,visa-electron
471,Kelsi,Female,27/05/1978,FALSE,china-unionpay
472,Modesty,Female,1/04/1962,FALSE,jcb
473,Sharai,Female,18/06/1969,TRUE,switch
474,Laurent,Male,20/08/1993,FALSE,jcb
475,Ole,Male,21/05/1964,TRUE,americanexpress
476,Harley,Male,7/05/1986,TRUE,bankcard
477,Barbabas,Male,29/01/1975,FALSE,americanexpress
478,Carter,Male,15/08/1997,TRUE,maestro
479,Bennie,Female,17/04/1996,TRUE,diners-club-enroute
480,Barth,Male,16/06/1953,FALSE,jcb
481,Jeannine,Female,27/07/1982,FALSE,mastercard
482,Nickolaus,Male,21/11/1980,FALSE,visa-electron
483,Cherye,Female,28/11/1953,FALSE,jcb
484,Michaela,Female,12/12/1974,FALSE,maestro
485,Abner,Male,17/10/1993,TRUE,diners-club-us-ca
486,Shanie,Female,20/05/1989,FALSE,bankcard
487,Elise,Female,21/01/1989,FALSE,diners-club-carte-blanche
488,Mill,Male,29/03/1969,FALSE,switch
489,Margaretha,Female,17/05/1978,TRUE,kiwibank-card
490,Michele,Female,8/10/1956,FALSE,jcb
491,Diannne,Female,6/02/1959,TRUE,solo
492,Rena,Female,5/06/1954,TRUE,jcb
493,Catha,Female,4/07/1973,TRUE,kiwibank-card
494,Reinaldos,Male,20/10/1961,TRUE,instapayment
495,Kurtis,Male,26/09/1961,FALSE,visa
496,Reiko,Female,17/09/1972,TRUE,mastercard
497,Brittni,Female,16/09/1995,TRUE,jcb
498,Steven,Male,10/05/1992,TRUE,jcb
499,Manny,Male,5/10/1974,TRUE,diners-club-carte-blanche
500,Sherlocke,Male,1/06/1987,TRUE,bankcard
501,Elisa,Female,23/11/1956,TRUE,visa-electron
502,Myrtice,Female,5/02/1950,TRUE,maestro
503,Gail,Female,12/11/1964,FALSE,mastercard
504,Wilek,Male,26/09/1952,TRUE,visa-electron
505,Salim,Male,10/05/1998,FALSE,mastercard
506,Carry,Female,2/11/1986,FALSE,diners-club-enroute
507,Sadie,Female,22/08/1988,FALSE,mastercard
508,Gaylor,Male,11/06/1983,FALSE,jcb
509,Akim,Male,9/10/1978,FALSE,jcb
510,Gabrila,Female,24/03/1962,FALSE,mastercard
511,Dorisa,Female,5/08/1961,TRUE,bankcard
512,Nickolaus,Male,10/08/1972,TRUE,jcb
513,Diandra,Female,1/10/1990,TRUE,visa-electron
514,Farris,Male,13/02/1973,FALSE,jcb
515,Marilyn,Female,15/08/1979,TRUE,mastercard
516,Bud,Male,8/04/1960,FALSE,jcb
517,Maribelle,Female,22/07/1959,FALSE,mastercard
518,Karmen,Female,26/09/1961,TRUE,jcb
519,Theadora,Female,25/07/1989,FALSE,jcb
520,Christa,Female,5/11/1989,FALSE,mastercard
521,Keven,Male,3/10/1990,FALSE,kiwibank-card
522,Aimil,Female,7/10/1974,FALSE,kiwibank-card
523,Bonny,Female,17/02/1989,FALSE,mastercard
524,Liana,Female,11/10/1958,FALSE,kiwibank-card
525,Emilie,Female,26/10/1990,FALSE,jcb
526,Hernando,Male,21/03/1976,FALSE,jcb
527,Con,Female,13/07/1962,TRUE,jcb
528,Estrella,Female,15/07/1977,TRUE,kiwibank-card
529,Redford,Male,28/12/1969,TRUE,jcb
530,Halette,Female,12/03/1952,TRUE,jcb
531,Lizbeth,Female,16/08/1988,FALSE,kiwibank-card
532,Elyse,Female,4/10/1955,TRUE,diners-club-carte-blanche
533,Miller,Male,23/02/1961,TRUE,jcb
534,Bree,Female,21/05/1969,TRUE,maestro
535,Maurizia,Female,16/09/1972,FALSE,bankcard
536,Odetta,Female,26/03/1993,FALSE,jcb
537,Israel,Male,10/02/1982,FALSE,bankcard
538,Georgina,Female,10/01/1969,FALSE,jcb
539,Ronnica,Female,3/01/1980,FALSE,visa-electron
540,Cordell,Male,24/11/1981,FALSE,jcb
541,Adel,Female,26/08/1983,TRUE,americanexpress
542,Earlie,Male,2/07/1995,FALSE,mastercard
543,Rubin,Male,13/10/1989,FALSE,mastercard
544,Alasteir,Male,29/05/1985,TRUE,maestro
545,Barclay,Male,4/05/1951,FALSE,diners-club-carte-blanche
546,Suzanna,Female,6/02/1965,FALSE,jcb
547,Carola,Female,13/09/1964,TRUE,laser
548,Weider,Male,19/03/1992,TRUE,diners-club-carte-blanche
549,Reinwald,Male,22/05/1963,TRUE,jcb
550,Mella,Female,16/05/1976,TRUE,switch
551,Susi,Female,12/06/1968,FALSE,diners-club-enroute
552,Tilly,Female,23/06/1989,FALSE,mastercard
553,Lianne,Female,5/12/1995,TRUE,jcb
554,Stacey,Female,14/03/1994,FALSE,jcb
555,Susette,Female,8/09/1991,FALSE,mastercard
556,Bobbie,Female,2/07/1966,FALSE,solo
557,Leola,Female,2/12/1959,FALSE,diners-club-carte-blanche
558,Brose,Male,12/01/1994,FALSE,jcb
559,Kelly,Female,21/01/1998,TRUE,bankcard
560,Charo,Female,17/01/1979,FALSE,mastercard
561,Christoforo,Male,9/09/1997,FALSE,jcb
562,Bianka,Female,12/04/1958,FALSE,americanexpress
563,Rafaelia,Female,4/09/1958,FALSE,jcb
564,Pearl,Female,20/07/1955,TRUE,mastercard
565,Jefferson,Male,30/05/1954,FALSE,americanexpress
566,Galven,Male,27/10/1967,TRUE,switch
567,Lester,Male,18/05/1994,TRUE,jcb
568,Elisabetta,Female,3/11/1955,FALSE,china-unionpay
569,Chadwick,Male,27/12/1962,TRUE,jcb
570,Sheffield,Male,1/10/1960,FALSE,diners-club-carte-blanche
571,Terrence,Male,18/10/1968,TRUE,kiwibank-card
572,Keelby,Male,24/08/1955,TRUE,visa
573,Merry,Male,27/07/1970,FALSE,switch
574,Brannon,Male,12/05/1965,TRUE,diners-club-enroute
575,Lind,Female,6/02/1987,FALSE,china-unionpay
576,Dane,Male,27/03/1965,TRUE,jcb
577,Crichton,Male,18/09/1996,TRUE,diners-club-carte-blanche
578,Megen,Female,1/12/1965,FALSE,solo
579,Ebeneser,Male,12/12/1957,FALSE,americanexpress
580,Asher,Male,11/12/1989,FALSE,diners-club-enroute
581,Lyndy,Female,13/03/1982,TRUE,kiwibank-card
582,Leia,Female,11/06/1985,FALSE,jcb
583,Rollie,Male,23/12/1985,TRUE,solo
584,Hermia,Female,3/10/1958,TRUE,jcb
585,Kirstin,Female,24/04/1978,FALSE,jcb
586,Lisetta,Female,16/10/1990,FALSE,switch
587,Annecorinne,Female,28/11/1954,TRUE,maestro
588,Rancell,Male,10/09/1968,FALSE,jcb
589,Minnaminnie,Female,21/01/1980,TRUE,kiwibank-card
590,Trueman,Male,17/07/1987,TRUE,mastercard
591,Bronny,Male,10/07/1960,FALSE,china-unionpay
592,Veda,Female,18/06/1986,TRUE,jcb
593,Tye,Male,6/03/1956,TRUE,laser
594,Duffy,Male,30/05/1989,FALSE,visa-electron
595,Lenee,Female,15/11/1980,FALSE,jcb
596,Claybourne,Male,29/07/1994,TRUE,americanexpress
597,Lucio,Male,2/07/1961,TRUE,kiwibank-card
598,Alecia,Female,13/04/1984,FALSE,china-unionpay
599,Coleen,Female,7/07/1960,TRUE,kiwibank-card
600,Clevey,Male,18/05/1970,FALSE,jcb
601,Frederic,Male,26/03/1967,FALSE,china-unionpay
602,Jim,Male,14/09/1964,FALSE,jcb
603,Simonette,Female,5/09/1993,TRUE,maestro
604,Reginald,Male,14/11/1956,FALSE,visa-electron
605,Lucien,Male,16/10/1959,TRUE,jcb
606,Beale,Male,27/08/1991,FALSE,diners-club-us-ca
607,Forest,Male,27/07/1958,TRUE,bankcard
608,Cristiano,Male,5/05/1976,TRUE,americanexpress
609,Dare,Male,20/05/1969,TRUE,jcb
610,Dianemarie,Female,3/04/1959,TRUE,diners-club-carte-blanche
611,Yettie,Female,15/09/1958,FALSE,mastercard
612,Brinna,Female,9/03/1955,FALSE,jcb
613,Aldus,Male,13/03/1955,TRUE,mastercard
614,Bax,Male,25/07/1983,TRUE,bankcard
615,Kellby,Male,1/05/1980,FALSE,china-unionpay
616,Adriano,Male,11/12/1995,FALSE,jcb
617,Lauree,Female,14/09/1980,TRUE,jcb
618,Lazare,Male,13/03/1972,FALSE,maestro
619,Timmie,Male,6/12/1956,TRUE,mastercard
620,Shadow,Male,14/09/1994,TRUE,kiwibank-card
621,Neile,Female,9/07/1980,FALSE,jcb
622,Keefer,Male,14/09/1974,FALSE,diners-club-enroute
623,Johnath,Female,27/03/1950,FALSE,kiwibank-card
624,Tracie,Male,3/06/1992,TRUE,jcb
625,Roseline,Female,10/05/1994,FALSE,kiwibank-card
626,Rosana,Female,8/08/1953,TRUE,switch
627,Bernardo,Male,12/05/1953,FALSE,diners-club-carte-blanche
628,Henka,Female,30/04/1978,FALSE,visa
629,Mayne,Male,13/10/1976,TRUE,kiwibank-card
630,Ferris,Male,12/10/1958,TRUE,china-unionpay
631,Tabbi,Female,1/05/1956,TRUE,jcb
632,Woody,Male,17/12/1972,TRUE,laser
633,Nari,Female,27/08/1973,TRUE,visa-electron
634,Tiffani,Female,28/07/1965,TRUE,bankcard
635,Carl,Male,24/11/1973,FALSE,jcb
636,Shayne,Male,23/12/1954,FALSE,jcb
637,Olivier,Male,22/01/1957,TRUE,maestro
638,Paule,Female,16/06/1952,FALSE,jcb
639,Tomi,Female,23/08/1997,FALSE,jcb
640,Jennee,Female,29/09/1974,TRUE,switch
641,Edouard,Male,30/07/1998,FALSE,mastercard
642,Brook,Female,1/09/1969,TRUE,diners-club-carte-blanche
643,Ramon,Male,24/09/1975,FALSE,diners-club-international
644,Corry,Female,9/07/1987,TRUE,jcb
645,Ichabod,Male,17/12/1992,FALSE,jcb
646,Allen,Male,30/06/1981,TRUE,jcb
647,Karoline,Female,19/05/1986,FALSE,kiwibank-card
648,Chrystal,Female,22/10/1991,FALSE,jcb
649,Culley,Male,5/05/1973,TRUE,jcb
650,Richardo,Male,31/05/1989,FALSE,jcb
651,Hewie,Male,25/11/1987,FALSE,mastercard
652,Yancy,Male,28/02/1968,TRUE,americanexpress
653,Haskel,Male,28/11/1992,TRUE,jcb
654,Antonino,Male,13/08/1975,TRUE,switch
655,Tanhya,Female,10/03/1974,FALSE,jcb
656,Hill,Male,13/04/1960,FALSE,jcb
657,Angie,Female,9/12/1995,FALSE,diners-club-enroute
658,Karlik,Male,30/10/1978,FALSE,jcb
659,Cristina,Female,1/06/1985,TRUE,diners-club-carte-blanche
660,Mamie,Female,13/07/1999,TRUE,china-unionpay
661,Gay,Female,21/01/1971,TRUE,mastercard
662,Cherise,Female,19/03/1964,TRUE,jcb
663,Earvin,Male,3/03/1953,FALSE,jcb
664,Beilul,Female,10/02/1950,FALSE,laser
665,Sergent,Male,11/09/1952,FALSE,jcb
666,Willis,Male,4/04/1998,TRUE,kiwibank-card
667,Aile,Female,14/12/2000,TRUE,jcb
668,Marlane,Female,30/06/1974,FALSE,diners-club-us-ca
669,Caroline,Female,17/06/1991,FALSE,jcb
670,Morty,Male,1/12/1983,TRUE,jcb
671,Victoria,Female,12/01/1992,TRUE,americanexpress
672,Sofia,Female,17/06/1970,FALSE,americanexpress
673,Phillipp,Male,9/02/1987,FALSE,jcb
674,Heida,Female,24/02/1999,FALSE,switch
675,Merline,Female,26/11/1999,TRUE,visa-electron
676,Stevie,Male,18/08/1959,FALSE,mastercard
677,Mindy,Female,11/12/1970,FALSE,laser
678,Emelina,Female,16/02/1993,TRUE,china-unionpay
679,Calypso,Female,4/06/1970,TRUE,kiwibank-card
680,Claretta,Female,28/08/1954,FALSE,maestro
681,Dionisio,Male,23/10/1952,FALSE,visa-electron
682,Darnell,Male,11/09/1977,TRUE,jcb
683,Melissa,Female,29/04/1996,FALSE,americanexpress
684,Wendall,Male,6/10/1998,TRUE,jcb
685,Mireielle,Female,19/09/1957,TRUE,diners-club-carte-blanche
686,Erma,Female,29/04/1968,FALSE,kiwibank-card
687,Jinny,Female,6/04/1959,TRUE,kiwibank-card
688,Terrijo,Female,10/02/2000,TRUE,jcb
689,Lita,Female,27/11/1988,TRUE,instapayment
690,Aldric,Male,14/12/1961,TRUE,jcb
691,Lazaro,Male,7/10/1953,TRUE,maestro
692,Mirilla,Female,31/01/1958,TRUE,china-unionpay
693,Caleb,Male,30/05/1974,TRUE,switch
694,Gary,Male,26/07/1982,TRUE,visa
695,Horst,Male,14/07/1975,FALSE,mastercard
696,Pace,Male,23/01/1996,FALSE,switch
697,Hoyt,Male,29/07/1986,TRUE,diners-club-carte-blanche
698,Ronnie,Female,17/09/1973,FALSE,jcb
699,Jard,Male,11/01/1951,FALSE,americanexpress
700,Jody,Male,4/01/1953,FALSE,jcb
701,Gard,Male,10/04/1977,FALSE,jcb
702,Tris,Male,2/02/1966,FALSE,switch
703,Koressa,Female,12/06/1964,TRUE,visa-electron
704,Oren,Male,5/05/1954,FALSE,jcb
705,Willy,Male,14/11/1973,TRUE,mastercard
706,Travus,Male,28/10/1995,FALSE,mastercard
707,Marten,Male,29/04/1951,TRUE,jcb
708,Lissa,Female,26/04/1993,FALSE,instapayment
709,Marcellina,Female,12/12/1975,TRUE,jcb
710,Emery,Male,8/01/1987,FALSE,jcb
711,Gwendolyn,Female,30/07/2000,FALSE,china-unionpay
712,Bernita,Female,29/11/1998,FALSE,kiwibank-card
713,Oberon,Male,19/04/1996,FALSE,jcb
714,Patricio,Male,9/01/1957,FALSE,jcb
715,Corrie,Male,25/01/1976,TRUE,jcb
716,Teressa,Female,17/06/1952,TRUE,kiwibank-card
717,Paten,Male,9/10/1996,FALSE,mastercard
718,Haleigh,Male,14/10/1973,TRUE,diners-club-carte-blanche
719,Adelbert,Male,28/04/1977,FALSE,mastercard
720,Romain,Male,11/01/1962,FALSE,maestro
721,Silvester,Male,25/01/1979,FALSE,kiwibank-card
722,Bowie,Male,24/08/1993,FALSE,americanexpress
723,Deane,Female,5/02/1967,FALSE,diners-club-enroute
724,Berky,Male,7/10/1999,TRUE,china-unionpay
725,Bertrand,Male,7/01/1973,TRUE,diners-club-carte-blanche
726,Mareah,Female,16/12/1963,TRUE,jcb
727,Joelle,Female,6/03/1954,FALSE,jcb
728,Sayers,Male,29/01/1990,FALSE,visa
729,Harley,Female,9/05/1969,TRUE,visa-electron
730,Klarika,Female,6/09/1976,TRUE,laser
731,Ermentrude,Female,10/05/1959,FALSE,jcb
732,Galven,Male,25/02/1990,TRUE,maestro
733,Josepha,Female,30/12/1963,FALSE,diners-club-international
734,Delia,Female,13/08/1960,TRUE,kiwibank-card
735,Jesse,Male,20/03/1975,FALSE,jcb
736,Marion,Male,30/11/1961,TRUE,china-unionpay
737,Chelsae,Female,12/09/1962,TRUE,kiwibank-card
738,Dory,Female,1/12/1966,TRUE,kiwibank-card
739,Bancroft,Male,6/10/1983,FALSE,jcb
740,Malinda,Female,14/09/1983,FALSE,mastercard
741,Edan,Male,15/11/1970,TRUE,mastercard
742,Marabel,Female,22/05/1955,TRUE,bankcard
743,Maximo,Male,11/03/1985,TRUE,kiwibank-card
744,Ugo,Male,18/02/1992,FALSE,jcb
745,Esma,Female,17/04/1971,FALSE,americanexpress
746,Natala,Female,22/03/1980,TRUE,kiwibank-card
747,Catha,Female,27/05/1972,FALSE,jcb
748,Costa,Male,29/01/1954,TRUE,switch
749,Patrice,Male,13/08/1989,TRUE,jcb
750,Idette,Female,5/05/1950,TRUE,maestro
751,Haleigh,Male,13/10/1960,TRUE,china-unionpay
752,Velvet,Female,10/05/1963,FALSE,jcb
753,Arliene,Female,18/11/1982,FALSE,jcb
754,Antonin,Male,28/04/1973,TRUE,diners-club-us-ca
755,Lenore,Female,13/02/1980,FALSE,jcb
756,Bennie,Male,7/01/1960,TRUE,visa-electron
757,Rupert,Male,22/01/1968,FALSE,bankcard
758,Shelby,Male,6/07/1959,TRUE,visa-electron
759,Ansel,Male,28/08/1991,FALSE,jcb
760,Mady,Female,20/09/1967,FALSE,jcb
761,Cynthea,Female,20/06/1994,FALSE,instapayment
762,Haily,Male,23/11/1994,FALSE,jcb
763,Brose,Male,14/10/1992,TRUE,jcb
764,Phoebe,Female,5/02/1993,FALSE,jcb
765,Jammal,Male,22/05/1956,TRUE,jcb
766,Arabelle,Female,3/02/1999,TRUE,visa-electron
767,Rafaela,Female,17/10/1986,FALSE,jcb
768,Hulda,Female,25/02/1995,TRUE,jcb
769,Oates,Male,3/10/1980,TRUE,jcb
770,Aileen,Female,8/11/1953,TRUE,kiwibank-card
771,Gram,Male,17/05/1959,FALSE,bankcard
772,Tait,Male,15/01/1955,TRUE,jcb
773,Amos,Male,10/04/1998,FALSE,kiwibank-card
774,Ray,Male,28/11/1973,TRUE,jcb
775,Siward,Male,18/02/1953,FALSE,visa-electron
776,Rikki,Male,9/05/1976,FALSE,visa
777,Jethro,Male,11/08/1976,TRUE,visa-electron
778,Hali,Female,14/12/1987,FALSE,jcb
779,Siffre,Male,22/04/1981,FALSE,mastercard
780,Luis,Male,3/12/1977,TRUE,mastercard
781,Bernarr,Male,7/01/2000,TRUE,mastercard
782,Cathie,Female,15/09/1978,TRUE,jcb
783,Kat,Female,18/12/1977,TRUE,diners-club-enroute
784,Ibbie,Female,14/08/1977,FALSE,jcb
785,Bary,Male,19/03/1985,TRUE,jcb
786,Drusy,Female,15/04/1998,FALSE,jcb
787,Thurston,Male,6/01/1977,FALSE,kiwibank-card
788,Mercedes,Female,16/04/1969,FALSE,jcb
789,Bogart,Male,13/03/1992,TRUE,switch
790,Bartie,Male,11/06/1974,FALSE,kiwibank-card
791,Port,Male,30/01/1974,TRUE,mastercard
792,Jacklin,Female,5/11/1961,TRUE,mastercard
793,Dalton,Male,22/09/1991,TRUE,jcb
794,Prent,Male,22/12/1950,FALSE,jcb
795,Maximilianus,Male,12/01/1978,TRUE,kiwibank-card
796,Penelopa,Female,30/10/1998,TRUE,jcb
797,Connie,Male,20/08/1978,FALSE,maestro
798,Janelle,Female,4/02/1984,FALSE,diners-club-carte-blanche
799,Hetti,Female,3/03/1973,FALSE,diners-club-enroute
800,Ed,Male,19/10/1990,FALSE,visa
801,Mirabella,Female,1/08/1969,FALSE,americanexpress
802,Liliane,Female,7/12/1971,FALSE,jcb
803,Tybie,Female,27/04/1997,TRUE,jcb
804,Porter,Male,24/05/1981,TRUE,jcb
805,Neel,Male,18/10/1954,TRUE,jcb
806,Phil,Male,6/05/1968,FALSE,bankcard
807,Lorraine,Female,7/11/1982,TRUE,jcb
808,Tomlin,Male,19/07/1985,TRUE,instapayment
809,Kellyann,Female,2/06/1985,FALSE,jcb
810,Amelia,Female,12/06/1961,FALSE,jcb
811,Giulietta,Female,24/05/1988,TRUE,diners-club-carte-blanche
812,Leeann,Female,28/06/1964,FALSE,instapayment
813,Fredek,Male,30/11/1968,FALSE,diners-club-us-ca
814,Hermie,Male,19/02/1996,TRUE,jcb
815,Gregoire,Male,14/05/1996,FALSE,jcb
816,Lorene,Female,21/01/1961,TRUE,americanexpress
817,Anatol,Male,7/08/2000,FALSE,jcb
818,Crystie,Female,22/08/1985,FALSE,jcb
819,Linnell,Female,7/10/1988,FALSE,kiwibank-card
820,Dani,Male,28/02/1999,FALSE,jcb
821,Brock,Male,2/06/1995,FALSE,jcb
822,Sherill,Female,4/08/1974,TRUE,jcb
823,Velma,Female,24/04/1960,FALSE,mastercard
824,Ephrem,Male,27/02/1974,TRUE,maestro
825,Felic,Male,1/07/1992,TRUE,jcb
826,Enrique,Male,31/05/1965,TRUE,diners-club-international
827,Ansel,Male,31/07/1956,TRUE,kiwibank-card
828,Fallon,Female,28/05/1959,TRUE,bankcard
829,Randa,Female,21/05/2000,TRUE,jcb
830,Berny,Male,17/10/1962,FALSE,jcb
831,Domingo,Male,12/02/1982,FALSE,laser
832,Randie,Female,23/01/1951,FALSE,mastercard
833,Les,Male,8/12/1971,FALSE,jcb
834,Reilly,Male,15/10/1972,FALSE,mastercard
835,Greer,Female,20/08/1955,FALSE,visa-electron
836,Josefina,Female,20/01/1952,FALSE,jcb
837,Flemming,Male,19/12/1998,FALSE,switch
838,Smith,Male,3/08/1994,FALSE,jcb
839,Birk,Male,15/02/1991,FALSE,mastercard
840,Flemming,Male,13/07/1958,FALSE,mastercard
841,Eddie,Female,2/01/1975,TRUE,kiwibank-card
842,Dillie,Male,19/04/1961,FALSE,visa-electron
843,Valina,Female,10/10/1992,TRUE,laser
844,Birgit,Female,28/05/1975,FALSE,kiwibank-card
845,Jeramey,Male,4/05/1979,FALSE,mastercard
846,Gilligan,Female,30/11/1999,TRUE,jcb
847,Dori,Female,2/11/1968,TRUE,switch
848,Bond,Male,13/10/1995,TRUE,mastercard
849,Prince,Male,4/12/1963,TRUE,jcb
850,Shermy,Male,6/01/1976,FALSE,laser
851,Bron,Male,19/12/1967,TRUE,solo
852,Spence,Male,21/06/1985,FALSE,jcb
853,Wald,Male,13/06/1995,TRUE,mastercard
854,Kathrine,Female,30/03/1977,FALSE,kiwibank-card
855,Estelle,Female,15/02/1988,TRUE,kiwibank-card
856,Thibaud,Male,3/05/1980,TRUE,jcb
857,Venus,Female,3/07/1961,TRUE,jcb
858,Alleyn,Male,31/08/1996,TRUE,jcb
859,Aubrey,Female,19/05/1959,FALSE,kiwibank-card
860,Karrah,Female,31/08/1973,TRUE,jcb
861,Barbe,Female,16/01/1993,TRUE,jcb
862,Britteny,Female,4/12/1951,TRUE,mastercard
863,Eal,Male,26/07/1982,FALSE,jcb
864,Edee,Female,27/10/1981,FALSE,switch
865,Pascale,Male,8/09/1982,TRUE,switch
866,Courtney,Female,12/03/1980,FALSE,switch
867,Meredith,Male,19/05/1974,TRUE,jcb
868,Vincents,Male,26/12/1950,TRUE,visa
869,Violette,Female,12/09/1969,TRUE,jcb
870,Sib,Female,21/03/1991,FALSE,americanexpress
871,Sharyl,Female,21/10/1996,FALSE,china-unionpay
872,Northrop,Male,28/06/1981,FALSE,diners-club-carte-blanche
873,Julienne,Female,2/05/1953,FALSE,jcb
874,Cassandra,Female,5/06/1993,TRUE,jcb
875,Walker,Male,27/07/1958,TRUE,switch
876,Mabel,Female,16/08/1993,FALSE,mastercard
877,Sandy,Male,4/10/1951,FALSE,jcb
878,Tove,Female,20/09/1953,FALSE,switch
879,Ibbie,Female,18/04/1973,TRUE,americanexpress
880,Deeanne,Female,18/07/1956,FALSE,jcb
881,Garwood,Male,1/10/1978,TRUE,jcb
882,Yorke,Male,2/11/1982,FALSE,jcb
883,Vivyan,Female,31/05/1980,TRUE,visa-electron
884,Brnaby,Male,30/09/1951,FALSE,maestro
885,Thurstan,Male,5/12/2000,FALSE,maestro
886,Stearn,Male,19/02/1968,FALSE,jcb
887,Caldwell,Male,20/05/1958,TRUE,jcb
888,Cecilius,Male,14/09/1975,TRUE,kiwibank-card
889,Graig,Male,25/11/1983,FALSE,jcb
890,Zsa zsa,Female,28/07/1952,FALSE,jcb
891,Ariana,Female,28/05/1966,FALSE,jcb
892,Con,Male,16/07/1970,TRUE,jcb
893,Keven,Male,21/06/1977,FALSE,kiwibank-card
894,Nichol,Female,24/10/1960,FALSE,mastercard
895,Rock,Male,9/09/1972,FALSE,jcb
896,Tabatha,Female,6/05/1963,FALSE,jcb
897,Benito,Male,23/03/1984,FALSE,mastercard
898,Dave,Male,9/04/1981,TRUE,jcb
899,Agosto,Male,13/12/1974,TRUE,jcb
900,Wilden,Male,29/08/1966,FALSE,diners-club-carte-blanche
901,Gabrila,Female,3/12/1990,FALSE,mastercard
902,Eden,Female,2/10/1974,TRUE,jcb
903,Parsifal,Male,2/07/1954,TRUE,jcb
904,Lillis,Female,8/07/1981,FALSE,kiwibank-card
905,Matthiew,Male,28/04/1973,FALSE,jcb
906,Aldrich,Male,13/05/1961,TRUE,visa-electron
907,Rik,Male,27/02/1953,FALSE,jcb
908,Isa,Male,25/09/1991,FALSE,visa
909,Haslett,Male,12/01/1972,FALSE,jcb
910,Ashton,Male,13/10/1959,FALSE,jcb
911,Vanessa,Female,17/06/1951,TRUE,maestro
912,Teddie,Female,23/06/1961,TRUE,jcb
913,Lief,Male,11/10/1969,TRUE,kiwibank-card
914,Emmie,Female,16/11/1999,TRUE,jcb
915,Chancey,Male,10/02/1999,TRUE,switch
916,Hunt,Male,24/07/1956,FALSE,mastercard
917,Clarisse,Female,2/10/1954,TRUE,kiwibank-card
918,Mattie,Male,24/08/1961,FALSE,jcb
919,Nils,Male,28/01/1998,FALSE,kiwibank-card
920,Aymer,Male,13/02/1979,TRUE,jcb
921,Richard,Male,11/09/1967,FALSE,jcb
922,Mabel,Female,24/07/1979,FALSE,diners-club-enroute
923,Sari,Female,4/03/1964,FALSE,jcb
924,Sharia,Female,13/09/1968,FALSE,mastercard
925,Billie,Male,24/04/1957,FALSE,diners-club-carte-blanche
926,Teressa,Female,26/06/1981,TRUE,china-unionpay
927,Barnabe,Male,16/02/1950,TRUE,diners-club-carte-blanche
928,Adelbert,Male,4/01/1980,FALSE,jcb
929,Kellia,Female,27/05/1982,FALSE,diners-club-carte-blanche
930,Simon,Male,15/04/1963,FALSE,jcb
931,Christy,Male,9/02/1955,TRUE,diners-club-carte-blanche
932,Rheba,Female,23/09/1965,FALSE,jcb
933,Pascale,Male,18/10/1966,FALSE,instapayment
934,Daveen,Female,22/06/1976,FALSE,diners-club-international
935,Yolanthe,Female,28/08/1996,FALSE,switch
936,Leland,Male,2/04/1977,TRUE,solo
937,Karol,Female,7/05/1991,TRUE,mastercard
938,Alexandros,Male,28/12/1977,FALSE,jcb
939,Panchito,Male,6/10/1983,FALSE,jcb
940,Silvain,Male,11/07/1958,TRUE,visa
941,Patric,Male,22/05/1971,FALSE,bankcard
942,Laurens,Male,2/04/1951,FALSE,diners-club-carte-blanche
943,Elvira,Female,17/02/1969,FALSE,jcb
944,Patricio,Male,29/06/1995,FALSE,diners-club-enroute
945,Elonore,Female,6/01/1966,FALSE,switch
946,Ines,Female,22/11/1957,FALSE,kiwibank-card
947,Alexandros,Male,16/04/1981,FALSE,diners-club-us-ca
948,Idalia,Female,20/09/1979,FALSE,visa
949,Brien,Male,7/04/1958,TRUE,diners-club-enroute
950,Allina,Female,3/04/1980,TRUE,jcb
951,Jonas,Male,16/09/1959,TRUE,bankcard
952,Nathan,Male,9/03/1953,TRUE,jcb
953,Creighton,Male,17/12/1959,TRUE,jcb
954,Miles,Male,20/01/1959,FALSE,jcb
955,Crosby,Male,31/08/1966,FALSE,jcb
956,Roselia,Female,13/12/1990,FALSE,mastercard
957,Maddie,Male,22/10/2000,TRUE,kiwibank-card
958,Lief,Male,7/04/1997,FALSE,jcb
959,Jodee,Female,8/10/1951,TRUE,jcb
960,Emlyn,Female,3/05/1994,TRUE,diners-club-carte-blanche
961,Sumner,Male,27/08/1973,FALSE,bankcard
962,Bartholemy,Male,29/10/1999,TRUE,mastercard
963,Mozes,Male,27/11/1975,FALSE,bankcard
964,Bettine,Female,28/04/1972,TRUE,mastercard
965,Donnie,Female,7/07/1970,FALSE,jcb
966,Patrizius,Male,31/08/1952,TRUE,jcb
967,Moyra,Female,13/06/1959,TRUE,jcb
968,Richard,Male,25/07/1994,FALSE,jcb
969,Orbadiah,Male,27/08/1961,FALSE,mastercard
970,Cyndy,Female,1/03/1954,TRUE,solo
971,Erek,Male,23/12/1974,FALSE,bankcard
972,Markus,Male,23/03/1992,FALSE,visa
973,Ada,Female,11/01/1976,TRUE,visa-electron
974,Yvon,Male,12/01/2000,FALSE,visa-electron
975,Berthe,Female,31/08/1976,FALSE,jcb
976,Garvey,Male,11/04/1978,TRUE,visa-electron
977,Gillan,Female,4/01/1962,FALSE,china-unionpay
978,Lonnard,Male,1/01/1976,TRUE,visa-electron
979,Vincents,Male,31/03/1976,FALSE,china-unionpay
980,Gene,Female,18/09/1956,TRUE,laser
981,Hedwig,Female,27/05/1966,FALSE,jcb
982,Padget,Male,21/02/1991,TRUE,mastercard
983,Bond,Male,2/10/1957,TRUE,jcb
984,Odell,Male,9/08/1991,FALSE,instapayment
985,Arturo,Male,4/12/1997,FALSE,jcb
986,Kerk,Male,17/05/1966,TRUE,kiwibank-card
987,Ricki,Female,13/02/1999,FALSE,visa-electron
988,Claiborn,Male,23/04/1951,FALSE,instapayment
989,Gaye,Female,29/08/2000,TRUE,mastercard
990,Tallie,Female,29/11/1977,TRUE,mastercard
991,Adelice,Female,5/11/1954,TRUE,diners-club-us-ca
992,Hirsch,Male,13/06/1952,FALSE,mastercard
993,Jennette,Female,28/12/1987,FALSE,mastercard
994,Haroun,Male,1/11/1980,FALSE,mastercard
995,Winslow,Male,17/12/1954,FALSE,switch
996,Else,Female,29/05/1956,FALSE,jcb
997,Rab,Male,4/05/1955,FALSE,diners-club-enroute
998,Mercedes,Female,29/10/1960,FALSE,maestro
999,Cristobal,Male,17/09/1962,FALSE,diners-club-international
1000,Torey,Female,26/10/1958,FALSE,jcb
